Residue,HphobBullbreese,PolarityGrantham,PolarityZimmerman,BulkinessZimmerman,IsoelectricPointZimmerman,HphobKyteDoolottle,HphobEisenberg,HphobHoppWoods
A	0.61	8.1	    0	    11.5	6	    1.8 	0.25	-0.5
C	0.36	5.5	    1.48	13.46	5.05	2.5	    0.04	-1
D	0.61	13	    49.7	11.68	2.77	-3.5	-0.72	3
E	0.51	12.3	49.9	13.57	3.22	-3.5	-0.62	3
F	-1.52	5.2 	0.35	19.8	5.48	2.8	    0.61	-2.5
G	0.81	9	    0	    3.4	    5.97	-0.4	0.16	0
H	0.69	10.4	51.6	13.69	7.59	-3.2	-0.4	-0.5
I	-1.45	5.2	    0.13	21.4	6.02	4.5	    0.73	-1.8
K	0.46	11.3	49.5	15.71	9.74	-3.9	-1.1	3
L	-1.65	4.9	    0.13	21.4	5.98	3.8	    0.53	-1.8
M	-0.66	5.7	    1.43	16.25	5.74	1.9	    0.26	-1.3
N	0.89	11.6	3.38	12.82	5.41	-3.5	-0.64	0.2
P	-0.17	8	    1.58	17.43	6.3 	-1.6	-0.07	0
Q	0.97	10.5	3.53	14.45	5.65	-3.5	-0.69	0.2
R	0.69	10.5	52	    14.28	10.76	-4.5	-1.76	3
S	0.42	9.2 	1.67	9.47	5.68	-0.8	-0.26	0.3
T	0.29	8.6	    1.66	15.77	5.66	-0.7	-0.18	-0.4
V	-0.75	5.9	    0.13	21.57	5.96	4.2	    0.54	-1.5
W	-1.2	5.4	    2.1	    21.67	5.89	-0.9	0.37	-3.4
Y	-1.43	6.2	    1.61	18.03	5.66	-1.3	0.02	-2.3
